"Feed name","Reference","DM","ADF","NDF","ADL","CP","OM","P","Ca","Na","Fe","K","Mg","Cu","Mn","Zn","IVDMD","ME","NEm","NEg","NEl","Country"
"Cytisus pulvinatus","115602","90.50","","","","13.38","","","","","","","","","","","","","","","","Ethiopia"
"Cytisus pulvinatus","115603","90.55","","","","13.63","","","","","","","","","","","","","","","","Ethiopia"
"Cytisus pulvinatus","115604","90.47","","","","14.38","","","","","","","","","","","","","","","","Ethiopia"
"Cytisus pulvinatus","115605","90.37","","","","13.00","","","","","","","","","","","","","","","","Ethiopia"
"Cytisus pulvinatus","115406","92.62","","59.05","","24.19","89.88","","","","","","","","","","","","","","","Ethiopia"
"Cytisus pulvinatus","115407","92.74","","60.23","","22.56","89.60","","","","","","","","","","","","","","","Ethiopia"
"Cytisus pulvinatus","115408","92.93","","57.54","","19.81","88.48","","","","","","","","","","","","","","","Ethiopia"
"Cytisus pulvinatus","115409","93.33","","61.13","","22.06","89.41","","","","","","","","","","","","","","","Ethiopia"
"Cytisus pulvinatus","115410","93.03","","58.12","","24.69","89.38","","","","","","","","","","","","","","","Ethiopia"
"Cytisus pulvinatus","115411","93.53","","56.07","","21.06","89.68","","","","","","","","","","","","","","","Ethiopia"
"Cytisus pulvinatus","115412","92.38","","52.73","","24.19","89.41","","","","","","","","","","","","","","","Ethiopia"
"Cytisus pulvinatus","115413","92.92","","57.97","","22.38","89.70","","","","","","","","","","","","","","","Ethiopia"
"Cytisus pulvinatus","115414","92.30","","54.07","","24.25","89.64","","","","","","","","","","","","","","","Ethiopia"
"Cytisus pulvinatus","115415","92.70","","50.63","","24.13","88.53","","","","","","","","","","","","","","","Ethiopia"
"Cytisus pulvinatus","115416","92.52","","61.17","","23.81","89.42","","","","","","","","","","","","","","","Ethiopia"
"Cytisus pulvinatus","115417","92.40","","57.13","","22.06","89.15","","","","","","","","","","","","","","","Ethiopia"
"Cytisus pulvinatus","115418","92.45","","57.48","","20.13","89.49","","","","","","","","","","","","","","","Ethiopia"
"Cytisus pulvinatus","115419","92.37","","56.84","","21.13","89.67","","","","","","","","","","","","","","","Ethiopia"
"Cytisus pulvinatus","115420","92.41","","56.15","","20.06","89.04","","","","","","","","","","","","","","","Ethiopia"
"Cytisus pulvinatus","115421","92.72","","57.81","","23.31","88.37","","","","","","","","","","","","","","","Ethiopia"
"Cytisus pulvinatus","115422","92.73","","57.01","","20.00","89.32","","","","","","","","","","","","","","","Ethiopia"
"Cytisus pulvinatus","115423","92.64","","58.56","","19.44","89.83","","","","","","","","","","","","","","","Ethiopia"
"Cytisus pulvinatus","115424","92.69","","57.62","","24.69","88.31","","","","","","","","","","","","","","","Ethiopia"
"Cytisus pulvinatus","115425","92.31","","57.98","","23.06","89.78","","","","","","","","","","","","","","","Ethiopia"
"Cytisus pulvinatus","115426","92.63","","56.54","","23.75","89.52","","","","","","","","","","","","","","","Ethiopia"
"Cytisus pulvinatus","115427","92.41","","60.26","","17.75","89.99","","","","","","","","","","","","","","","Ethiopia"
"Cytisus pulvinatus","115428","92.78","","53.96","","20.06","89.66","","","","","","","","","","","","","","","Ethiopia"
"Cytisus pulvinatus","115429","92.50","","51.86","","24.56","","","","","","","","","","","","","","","","Ethiopia"
"Cytisus pulvinatus","115430","92.50","","53.64","","19.50","","","","","","","","","","","","","","","","Ethiopia"
"Cytisus pulvinatus","115431","92.38","","53.92","","20.25","88.25","","","","","","","","","","","","","","","Ethiopia"
"Cytisus pulvinatus","115432","92.12","","62.61","","13.88","84.39","","","","","","","","","","","","","","","Ethiopia"
"Cytisus pulvinatus","115433","92.66","","60.50","","12.38","83.17","","","","","","","","","","","","","","","Ethiopia"
"Cytisus pulvinatus","115434","91.74","","61.01","","13.56","84.85","","","","","","","","","","","","","","","Ethiopia"
"Cytisus pulvinatus","115435","92.18","","60.72","","13.44","84.51","","","","","","","","","","","","","","","Ethiopia"
"Cytisus pulvinatus","115436","91.78","","62.55","","12.38","83.00","","","","","","","","","","","","","","","Ethiopia"
"Cytisus pulvinatus","115437","91.78","","62.91","","13.19","83.99","","","","","","","","","","","","","","","Ethiopia"
"Cytisus pulvinatus","115438","91.67","","62.72","","13.25","84.47","","","","","","","","","","","","","","","Ethiopia"
"Cytisus pulvinatus","115439","92.24","","62.90","","12.19","84.86","","","","","","","","","","","","","","","Ethiopia"
"Cytisus pulvinatus","115440","92.07","","58.25","","14.50","81.88","","","","","","","","","","","","","","","Ethiopia"
"Cytisus pulvinatus","115441","92.07","","61.33","","12.06","84.43","","","","","","","","","","","","","","","Ethiopia"
"Cytisus pulvinatus","115442","91.95","","60.65","","12.56","82.81","","","","","","","","","","","","","","","Ethiopia"
"Cytisus pulvinatus","115443","92.16","","59.62","","15.19","84.30","","","","","","","","","","","","","","","Ethiopia"
"Cytisus pulvinatus","115444","91.97","","60.76","","12.69","81.99","","","","","","","","","","","","","","","Ethiopia"
"Cytisus pulvinatus","115445","91.66","","62.30","","12.69","84.48","","","","","","","","","","","","","","","Ethiopia"
"Cytisus pulvinatus","115446","91.75","","","","14.75","","","","","","","","","","","","","","","","Ethiopia"
"Cytisus pulvinatus","115447","92.54","","","","13.13","","","","","","","","","","","","","","","","Ethiopia"
"Cytisus pulvinatus","115448","90.62","","","","12.81","","","","","","","","","","","","","","","","Ethiopia"
"Cytisus pulvinatus","115449","91.30","","","","14.25","","","","","","","","","","","","","","","","Ethiopia"
"Cytisus pulvinatus","115450","91.01","","","","13.75","","","","","","","","","","","","","","","","Ethiopia"
"Cytisus pulvinatus","115451","90.02","","","","15.38","","","","","","","","","","","","","","","","Ethiopia"
"Cytisus pulvinatus","115452","91.78","","","","14.81","","","","","","","","","","","","","","","","Ethiopia"
"Cytisus pulvinatus","115453","91.04","","","","14.69","","","","","","","","","","","","","","","","Ethiopia"
"Cytisus pulvinatus","115454","92.60","","","","15.56","","","","","","","","","","","","","","","","Ethiopia"
"Cytisus pulvinatus","115455","91.65","","","","16.25","","","","","","","","","","","","","","","","Ethiopia"
"Cytisus pulvinatus","115456","91.78","","","","16.88","","","","","","","","","","","","","","","","Ethiopia"
"Cytisus pulvinatus","115457","91.92","","","","12.94","","","","","","","","","","","","","","","","Ethiopia"
"Cytisus pulvinatus","115458","92.43","","","","14.63","","","","","","","","","","","","","","","","Ethiopia"
"Cytisus pulvinatus","115459","92.28","","","","14.19","","","","","","","","","","","","","","","","Ethiopia"
"Cytisus pulvinatus","115460","92.18","","","","14.06","","","","","","","","","","","","","","","","Ethiopia"
"Cytisus pulvinatus","115461","91.94","","","","15.44","","","","","","","","","","","","","","","","Ethiopia"
"Cytisus pulvinatus","115462","91.32","","","","14.88","","","","","","","","","","","","","","","","Ethiopia"
"Cytisus pulvinatus","115463","91.34","","","","13.75","","","","","","","","","","","","","","","","Ethiopia"
"Cytisus pulvinatus","115464","91.37","","","","12.94","","","","","","","","","","","","","","","","Ethiopia"
"Cytisus pulvinatus","115465","91.37","","","","12.88","","","","","","","","","","","","","","","","Ethiopia"
"Cytisus pulvinatus","115466","91.35","","","","10.69","","","","","","","","","","","","","","","","Ethiopia"
"Cytisus pulvinatus","115467","91.77","","","","11.13","","","","","","","","","","","","","","","","Ethiopia"
"Cytisus pulvinatus","115468","91.38","","","","12.63","","","","","","","","","","","","","","","","Ethiopia"
"Cytisus pulvinatus","115469","92.65","","","","12.50","","","","","","","","","","","","","","","","Ethiopia"
"Cytisus pulvinatus","115470","91.91","","","","13.25","","","","","","","","","","","","","","","","Ethiopia"
"Cytisus pulvinatus","115471","91.92","","","","13.44","","","","","","","","","","","","","","","","Ethiopia"
"Cytisus pulvinatus","115472","91.57","","","","16.94","","","","","","","","","","","","","","","","Ethiopia"
"Cytisus pulvinatus","115473","90.18","","","","16.38","","","","","","","","","","","","","","","","Ethiopia"
"Cytisus pulvinatus","115474","91.00","","","","16.25","","","","","","","","","","","","","","","","Ethiopia"
"Cytisus pulvinatus","115475","91.17","","","","13.44","","","","","","","","","","","","","","","","Ethiopia"
"Cytisus pulvinatus","115476","91.80","","","","15.00","","","","","","","","","","","","","","","","Ethiopia"
"Cytisus pulvinatus","115477","91.10","","","","16.31","","","","","","","","","","","","","","","","Ethiopia"
"Cytisus pulvinatus","115478","91.20","","","","15.38","","","","","","","","","","","","","","","","Ethiopia"
"Cytisus pulvinatus","115479","91.75","","","","16.19","","","","","","","","","","","","","","","","Ethiopia"
"Cytisus pulvinatus","115480","91.36","","","","14.56","","","","","","","","","","","","","","","","Ethiopia"
"Cytisus pulvinatus","115481","91.65","","","","15.25","","","","","","","","","","","","","","","","Ethiopia"
"Cytisus pulvinatus","115482","94.13","","","","16.25","","","","","","","","","","","","","","","","Ethiopia"
"Cytisus pulvinatus","115483","91.23","","","","16.69","","","","","","","","","","","","","","","","Ethiopia"
"Cytisus pulvinatus","115484","90.77","","","","11.88","","","","","","","","","","","","","","","","Ethiopia"
"Cytisus pulvinatus","115485","90.38","","","","11.25","","","","","","","","","","","","","","","","Ethiopia"
"Cytisus pulvinatus","115486","90.43","","","","13.25","","","","","","","","","","","","","","","","Ethiopia"
"Cytisus pulvinatus","115487","90.38","","","","17.56","","","","","","","","","","","","","","","","Ethiopia"
"Cytisus pulvinatus","115488","90.94","","","","13.88","","","","","","","","","","","","","","","","Ethiopia"
"Cytisus pulvinatus","115489","90.93","","","","13.81","","","","","","","","","","","","","","","","Ethiopia"
"Cytisus pulvinatus","115490","90.76","","","","13.88","","","","","","","","","","","","","","","","Ethiopia"
"Cytisus pulvinatus","115491","91.21","","","","14.25","","","","","","","","","","","","","","","","Ethiopia"
"Cytisus pulvinatus","115492","91.32","","","","13.50","","","","","","","","","","","","","","","","Ethiopia"
"Cytisus pulvinatus","115493","90.69","","","","12.69","","","","","","","","","","","","","","","","Ethiopia"
"Cytisus pulvinatus","115494","90.35","","","","13.44","","","","","","","","","","","","","","","","Ethiopia"
"Cytisus pulvinatus","115495","91.13","","","","12.56","","","","","","","","","","","","","","","","Ethiopia"
"Cytisus pulvinatus","115496","91.10","","","","15.88","","","","","","","","","","","","","","","","Ethiopia"
"Cytisus pulvinatus","115497","91.02","","","","17.38","","","","","","","","","","","","","","","","Ethiopia"
"Cytisus pulvinatus","115498","91.03","","","","15.69","","","","","","","","","","","","","","","","Ethiopia"
"Cytisus pulvinatus","115499","91.24","","","","15.81","","","","","","","","","","","","","","","","Ethiopia"
"Cytisus pulvinatus","115500","90.77","","","","16.06","","","","","","","","","","","","","","","","Ethiopia"
"Cytisus pulvinatus","115501","90.97","","","","17.00","","","","","","","","","","","","","","","","Ethiopia"
"Cytisus pulvinatus","115502","91.50","","","","11.63","","","","","","","","","","","","","","","","Ethiopia"
"Cytisus pulvinatus","115503","91.06","","","","11.50","","","","","","","","","","","","","","","","Ethiopia"
"Cytisus pulvinatus","115504","91.36","","","","9.69","","","","","","","","","","","","","","","","Ethiopia"
"Cytisus pulvinatus","115505","91.55","","","","12.69","","","","","","","","","","","","","","","","Ethiopia"
"Tagasaste","100192","88.09","","49.99","","19.63","","","","","","","","","","","","","","","","Ethiopia"
"Tagasaste","100193","88.46","","44.22","","15.94","","","","","","","","","","","","","","","","Ethiopia"
"Tagasaste","100194","87.57","","43.44","","21.19","","","","","","","","","","","","","","","","Ethiopia"
"Tagasaste","100195","88.92","","43.34","","19.81","","","","","","","","","","","","","","","","Ethiopia"
"Tagasaste","100197","89.17","","31.22","","20.56","","","","","","","","","","","","","","","","Ethiopia"
"Tagasaste","100198","88.67","","37.31","","21.63","","","","","","","","","","","","","","","","Ethiopia"
"Tagasaste","100199","88.51","","45.14","","20.06","","","","","","","","","","","","","","","","Ethiopia"
"Tagasaste","100200","88.53","","45.84","","21.00","","","","","","","","","","","","","","","","Ethiopia"
"Tagasaste","100201","87.53","","49.13","","16.31","","","","","","","","","","","","","","","","Ethiopia"
"Tagasaste","100202","90.14","","46.13","","15.25","","","","","","","","","","","","","","","","Ethiopia"
"Tagasaste","100203","89.19","","47.12","","17.63","","","","","","","","","","","","","","","","Ethiopia"
"Tagasaste","100204","88.45","","40.24","","22.19","","","","","","","","","","","","","","","","Ethiopia"
"Tagasaste","100205","88.92","","33.59","","21.44","","","","","","","","","","","","","","","","Ethiopia"
"Tagasaste","100206","88.76","","37.92","","18.38","","","","","","","","","","","","","","","","Ethiopia"
"Tagasaste","100208","89.38","","36.13","","24.19","","","","","","","","","","","","","","","","Ethiopia"
"Tagasaste","100209","88.92","","50.27","","18.50","","","","","","","","","","","","","","","","Ethiopia"
"Tagasaste","114085","93.02","18.67","27.66","6.50","22.75","95.14","1.30","8.40","","","9.90","","","","","75.50","11.67","7.74","5.10","7.41","Ethiopia"
"Tagasaste","114086","92.97","19.86","27.61","7.71","21.50","94.88","1.40","11.30","","","9.70","","","","","72.43","11.21","7.36","4.77","7.07","Ethiopia"
"Tagasaste","114087","92.19","22.74","35.09","7.65","18.69","95.72","1.20","7.60","","","11.80","","","","","73.22","11.42","7.53","4.94","7.24","Ethiopia"
"Tagasaste","114088","93.43","23.70","33.58","8.49","19.44","95.13","1.50","9.50","","","11.00","","","","","70.82","11.00","7.20","4.60","6.95","Ethiopia"
"Tagasaste","114089","93.72","21.08","31.48","7.48","21.38","94.84","1.30","11.10","","","10.80","","","","","73.66","11.38","7.49","4.90","7.20","Ethiopia"
"Tagasaste","114090","93.15","20.48","29.38","8.42","19.69","93.59","1.40","12.60","","","7.40","","","","","73.52","11.17","7.36","4.73","7.07","Ethiopia"
"Tagasaste","114091","89.78","17.51","27.79","5.90","23.94","94.55","1.50","9.80","","","10.20","","","","","76.13","11.67","7.78","5.10","7.41","Ethiopia"
"Tagasaste","114092","91.76","21.59","30.27","8.01","22.88","94.63","1.40","7.20","","","11.30","","","","","73.50","11.30","7.45","4.85","7.15","Ethiopia"
"Tagasaste","114093","93.58","19.19","34.48","6.68","17.81","95.19","1.40","9.50","","","9.10","","","","","75.01","11.59","7.70","5.06","7.36","Ethiopia"
"Tagasaste","114094","91.22","21.89","36.57","7.01","17.06","95.60","1.10","7.60","","","9.60","","","","","72.18","11.25","7.41","4.81","7.11","Ethiopia"
"Tagasaste","114095","93.03","17.82","31.43","6.79","18.88","96.20","1.20","5.10","","","11.80","","","","","76.19","11.92","7.95","5.27","7.57","Ethiopia"
"Tagasaste","114096","92.88","18.73","33.91","6.72","20.88","96.48","1.50","4.20","","","11.60","","","","","74.02","11.63","7.74","5.06","7.36","Ethiopia"
"Tagasaste","114097","93.31","19.00","31.37","6.30","17.25","96.08","1.40","6.40","","","9.50","","","","","75.60","11.80","7.87","5.23","7.49","Ethiopia"
"Tagasaste","114098","94.73","20.74","35.90","7.21","19.31","96.08","1.80","4.60","","","11.80","","","","","69.92","11.00","7.20","4.60","6.95","Ethiopia"
"Tagasaste","114099","92.95","18.22","30.27","6.58","16.44","94.63","1.30","11.20","710.00","","","","","","","71.04","10.96","7.15","4.60","6.90","Ethiopia"
"Tagasaste","114100","93.51","16.82","29.07","5.12","19.75","94.76","1.80","9.80","","","10.90","","","","","74.55","11.46","7.61","4.98","7.28","Ethiopia"
"Tagasaste","114103","92.57","19.96","32.92","6.09","18.56","95.88","1.90","4.30","","","15.40","","","","","74.01","11.55","7.66","5.02","7.32","Ethiopia"
"Tagasaste","114104","93.73","20.05","33.29","5.75","17.56","95.36","1.40","7.40","","","11.90","","","","","73.02","11.34","7.49","4.85","7.20","Ethiopia"
"Tagasaste","114105","94.38","22.12","31.91","8.05","18.19","96.00","1.40","5.90","","","8.50","","","","","70.73","11.09","7.28","4.69","6.99","Ethiopia"
"Tagasaste","114106","92.43","20.27","30.72","6.00","19.75","95.77","1.80","4.80","","","14.00","","","","","71.28","11.13","7.32","4.73","7.03","Ethiopia"
"Tagasaste","114107","93.29","21.88","34.77","7.56","19.00","95.80","1.50","5.50","","","11.40","","","","","70.55","11.05","7.24","4.64","6.95","Ethiopia"
"Tagasaste","114108","92.95","","34.32","","20.25","94.73","2.20","7.70","","","11.70","","","","","73.09","11.25","7.41","4.81","7.11","Ethiopia"
"Tagasaste","119479","90.68","25.37","35.61","6.78","17.06","92.77","","","","","","","","","","","","","","","Ethiopia"
"Tagasaste","119480","90.77","21.57","32.79","5.96","18.44","92.34","","","","","","","","","","","","","","","Ethiopia"
"Tagasaste","120536","92.00","21.70","38.77","7.62","20.81","94.14","2.90","7.80","56.09","390.76","15.00","3.80","27.61","148.70","99.13","","","","","","Ethiopia"
"Tagasaste","101941","92.27","24.35","44.87","7.21","20.94","94.69","","","","","34.40","","","","","","","","","","Ethiopia"
"Tagasaste","102181","90.79","23.08","34.32","6.72","20.19","88.81","","","","","21.80","","","","","","","","","","Ethiopia"
"Cytisus pulvinatus","115314","93.10","27.50","50.37","8.63","25.19","95.18","2.00","4.10","","","14.90","","","","","60.01","9.46","5.82","3.39","5.86","Ethiopia"
"Cytisus pulvinatus","115315","93.09","29.69","47.96","12.98","22.75","95.04","1.90","4.10","","","16.80","","","","","69.39","10.79","6.99","4.44","6.78","Ethiopia"
"Cytisus pulvinatus","115316","92.73","32.76","48.94","15.53","22.44","94.80","1.90","3.90","","","14.90","","","","","62.97","9.83","6.15","3.68","6.11","Ethiopia"
"Cytisus pulvinatus","115317","92.98","33.05","50.01","14.93","22.75","94.46","1.80","5.30","","","16.50","","","","","61.63","9.58","5.94","3.51","5.94","Ethiopia"
"Cytisus pulvinatus","115318","93.38","27.64","43.00","13.94","21.06","94.46","1.70","6.10","","","15.60","","","","","66.13","10.25","6.53","4.02","6.40","Ethiopia"
"Cytisus pulvinatus","115319","92.63","30.52","50.84","13.69","3.94","94.98","1.90","2.80","","","19.90","","","","","60.83","9.54","5.90","3.47","5.90","Ethiopia"
"Cytisus pulvinatus","115320","93.15","29.31","48.93","12.49","22.94","94.73","2.20","4.20","","","19.00","","","","","68.57","10.63","6.86","4.31","6.65","Ethiopia"
"Cytisus pulvinatus","115321","92.99","29.14","49.89","11.47","20.25","94.70","2.00","3.80","","","22.00","","","","","63.22","9.83","6.19","3.72","6.15","Ethiopia"
"Cytisus pulvinatus","115322","92.74","27.22","48.09","12.32","19.81","95.41","1.60","5.70","","","13.40","","","","","59.49","9.41","5.77","3.35","5.82","Ethiopia"
"Cytisus pulvinatus","115323","92.71","34.59","52.97","14.77","22.00","95.31","2.20","2.90","","","19.20","","","","","63.66","10.00","6.32","3.81","6.23","Ethiopia"
"Cytisus pulvinatus","115324","92.62","33.00","52.70","16.12","24.44","95.15","2.40","3.20","","","18.60","","","","","60.48","9.50","5.86","3.43","5.90","Ethiopia"
"Cytisus pulvinatus","115325","92.85","30.31","45.22","13.83","19.81","92.92","1.90","7.80","","","16.30","","","","","62.94","9.62","5.98","3.51","5.94","Ethiopia"
"Cytisus pulvinatus","115326","92.92","34.86","52.82","17.19","24.81","95.05","2.40","3.10","","","20.10","","","","","53.47","8.49","4.94","2.59","5.19","Ethiopia"
"Cytisus pulvinatus","115327","92.52","32.32","52.32","14.43","21.50","94.92","1.90","4.40","","","18.30","","","","","60.18","9.46","5.82","3.39","5.86","Ethiopia"
"Cytisus pulvinatus","115328","93.23","27.44","43.92","12.65","21.94","94.15","1.80","6.20","","","18.30","","","","","64.96","10.04","6.36","3.85","6.28","Ethiopia"
"Cytisus pulvinatus","115329","93.15","31.94","50.35","15.60","20.75","95.75","1.70","4.60","","","13.40","","","","","56.31","8.95","5.40","3.01","5.52","Ethiopia"
"Cytisus pulvinatus","115404","92.86","","54.28","","19.19","89.39","","","","","","","","","","","","","","","Ethiopia"
"Cytisus pulvinatus","115405","92.86","","57.85","","19.19","89.20","","","","","","","","","","","","","","","Ethiopia"
"Calliandra calothyrsus","100058","88.82","33.99","43.67","14.31","21.44","93.89","","","","","","","","","","","","","","",""
"Calliandra calothyrsus","100059","88.60","29.20","42.74","11.43","21.88","94.14","","","","","","","","","","","","","","",""
"Calliandra calothyrsus","100063","88.72","28.14","39.82","11.24","21.75","93.60","","","","","","","","","","","","","","",""
"Calliandra calothyrsus","100064","88.23","26.26","39.56","10.54","21.94","93.35","","","","","","","","","","","","","","",""
"Calliandra calothyrsus","100065","88.40","24.17","38.87","8.47","21.81","93.11","","","","","","","","","","","","","","",""
"Calliandra calothyrsus","100069","88.12","39.37","42.11","18.19","22.38","94.24","","","","","","","","","","","","","","",""
"Calliandra calothyrsus","100070","87.93","37.63","42.30","16.59","22.50","94.20","","","","","","","","","","","","","","",""
"Calliandra calothyrsus","100078","90.33","33.47","37.63","14.54","23.00","93.76","","","","","","","","","","","","","","",""
"Calliandra calothyrsus","100079","90.16","30.15","38.55","13.35","22.88","94.05","","","","","","","","","","","","","","",""
"Calliandra calothyrsus","100080","89.86","33.69","38.92","15.66","22.94","94.10","","","","","","","","","","","","","","",""
"Calliandra calothyrsus","101940","90.39","35.20","50.46","17.09","22.25","88.97","","","","","","","","","","","","","","","Ethiopia"
"Calliandra calothyrsus","102200","90.75","","","","","92.48","","","","","","","","","","","","","","","Kenya"
"Calliandra calothyrsus","102201","91.64","","","","","92.34","","","","","","","","","","","","","","","Kenya"
"Calliandra calothyrsus","102202","90.97","","","","","93.05","","","","","","","","","","","","","","","Kenya"
"Calliandra calothyrsus","102203","90.53","","","","","94.89","","","","","","","","","","","","","","","Kenya"
"Calliandra calothyrsus","102204","90.85","","","","","94.66","","","","","","","","","","","","","","","Kenya"
"Calliandra calothyrsus","102205","91.22","","","","","94.72","","","","","","","","","","","","","","","Kenya"
"Calliandra calothyrsus","102206","90.72","","","","","93.15","","","","","","","","","","","","","","","Kenya"
"Calliandra calothyrsus","102207","90.41","","","","","94.84","","","","","","","","","","","","","","","Kenya"
"Calliandra calothyrsus","102208","90.56","","","","","94.03","","","","","","","","","","","","","","","Kenya"
"Calliandra calothyrsus","102209","90.68","","","","","94.48","","","","","","","","","","","","","","","Kenya"
"Calliandra calothyrsus","102210","90.68","","","","","94.71","","","","","","","","","","","","","","","Kenya"
"Calliandra calothyrsus","102211","90.88","","","","","93.32","","","","","","","","","","","","","","","Kenya"
"Calliandra calothyrsus","102212","90.06","","","","","90.70","","","","","","","","","","","","","","","Kenya"
"Calliandra calothyrsus","102213","90.91","","","","","94.02","","","","","","","","","","","","","","","Kenya"
"Calliandra calothyrsus","102214","90.78","","","","","93.92","","","","","","","","","","","","","","","Kenya"
"Calliandra calothyrsus","102215","90.33","","","","","94.92","","","","","","","","","","","","","","","Kenya"
"Calliandra calothyrsus","102216","89.87","","","","","94.47","","","","","","","","","","","","","","","Kenya"
"Calliandra calothyrsus","102217","90.40","","","","","94.23","","","","","","","","","","","","","","","Kenya"
"Calliandra calothyrsus","102218","90.17","","","","","94.96","","","","","","","","","","","","","","","Kenya"
"Calliandra calothyrsus","102219","89.66","","","","","94.38","","","","","","","","","","","","","","","Kenya"
"Calliandra calothyrsus","102220","89.92","","","","","94.99","","","","","","","","","","","","","","","Kenya"
"Calliandra calothyrsus","102221","90.24","","","","","94.62","","","","","","","","","","","","","","","Kenya"
"Calliandra calothyrsus","102222","90.64","","","","","94.83","","","","","","","","","","","","","","","Kenya"
"Calliandra calothyrsus","102223","90.08","","","","","94.73","","","","","","","","","","","","","","","Kenya"
"Calliandra calothyrsus","102250","89.66","","","","","100.00","","","","","","","","","","","","","","","Kenya"
"Calliandra calothyrsus","102251","89.99","","","","","100.00","","","","","","","","","","","","","","","Kenya"
"Calliandra calothyrsus","102252","90.25","","","","","100.00","","","","","","","","","","","","","","","Kenya"
"Calliandra calothyrsus","102895","89.58","","","","25.88","88.83","3.40","11.80","237.44","690.33","8.80","6.40","17.19","102.70","28.80","","","","","","Ethiopia"
"Calliandra calothyrsus","102919","","","","","","100.00","","","","","","","","","","","","","","","Kenya"
"Calliandra calothyrsus","102921","","","","","","100.00","","","","","","","","","","","","","","","Kenya"
"Calliandra calothyrsus","103120","89.77","","33.73","","29.44","94.43","","","","","","","","","","","","","","","Kenya"
"Calliandra calothyrsus","103134","92.90","","43.88","","23.94","91.71","","","","","","","","","","","","","","","Kenya"
"Calliandra calothyrsus","103367","90.42","","","","","100.00","","","","","","","","","","","","","","","Kenya"
"Calliandra calothyrsus","103368","91.13","","","","","100.00","","","","","","","","","","","","","","","Kenya"
"Calliandra calothyrsus","103373","90.27","","","","","100.00","","","","","","","","","","","","","","","Kenya"
"Calliandra calothyrsus","103374","90.48","","","","","100.00","","","","","","","","","","","","","","","Kenya"
"Calliandra calothyrsus","103375","89.33","","","","","100.00","","","","","","","","","","","","","","","Kenya"
"Calliandra calothyrsus","103376","89.50","","","","","100.00","","","","","","","","","","","","","","","Kenya"
"Calliandra calothyrsus","103377","89.84","","","","","100.00","","","","","","","","","","","","","","","Kenya"
"Calliandra calothyrsus","103388","89.94","","","","","100.00","","","","","","","","","","","","","","","Kenya"
"Calliandra calothyrsus","103389","90.22","","","","","100.00","","","","","","","","","","","","","","","Kenya"
"Calliandra calothyrsus","103390","89.38","","","","","100.00","","","","","","","","","","","","","","","Kenya"
"Calliandra calothyrsus","103391","91.23","","","","","100.00","","","","","","","","","","","","","","","Kenya"
"Calliandra calothyrsus","103392","89.61","","","","","100.00","","","","","","","","","","","","","","","Kenya"
"Calliandra calothyrsus","114109","93.60","28.64","38.56","10.72","13.31","91.25","1.40","9.40","","","4.40","","","","","52.24","7.95","4.44","2.09","4.77","Ethiopia"
"Calliandra calothyrsus","114110","92.37","26.57","43.70","7.72","15.69","94.10","1.60","8.40","","","7.70","","","","","48.12","7.66","4.14","1.84","4.56","Ethiopia"
"Calliandra calothyrsus","114111","92.93","22.08","37.51","6.28","16.81","93.67","2.00","8.00","","","10.20","","","","","","","","","","Ethiopia"
"Calliandra calothyrsus","114112","94.18","21.98","38.31","6.60","14.31","93.23","1.60","8.60","","","6.70","","","","","","","","","","Ethiopia"
"Calliandra calothyrsus","114113","93.31","19.79","37.53","6.00","13.25","92.77","0.70","9.10","","","5.60","","","","","62.09","9.46","5.86","3.39","5.86","Ethiopia"
"Calliandra calothyrsus","114114","93.40","22.11","36.31","6.40","14.75","94.03","1.00","9.00","","","7.10","","","","","62.71","9.71","6.07","3.60","6.02","Ethiopia"
"Calliandra calothyrsus","114115","91.60","22.90","37.42","7.88","15.06","89.80","1.60","17.20","","","4.60","","","","","61.85","9.12","5.52","3.10","5.61","Ethiopia"
"Calliandra calothyrsus","114116","93.35","22.40","35.82","8.88","13.75","88.19","1.20","19.00","","","3.60","","","","","64.35","9.25","5.65","3.22","5.73","Ethiopia"
"Calliandra calothyrsus","120581","90.78","","","","25.81","90.89","","","","","","","","","","","","","","","Nigeria"
"Calliandra calothyrsus","120584","88.77","","","","24.44","85.01","","","","","","","","","","","","","","","Nigeria"
"Calliandra calothyrsus","120586","87.07","55.37","57.84","32.51","27.06","85.89","","","","","","","","","","","","","","","Nigeria"
"Calliandra calothyrsus","120589","87.87","46.27","53.42","26.08","26.63","90.43","","","","","","","","","","","","","","","Nigeria"
"Calliandra calothyrsus","121046","89.63","26.53","43.68","10.03","20.44","93.57","","","","","","","","","","","","","","","Kenya"
"Calliandra calothyrsus","121076","90.54","28.97","53.24","11.23","21.25","93.83","","","","","","","","","","","","","","","Kenya"
"Calliandra calothyrsus","121077","90.53","27.04","49.41","10.11","17.50","89.17","","","","","","","","","","","","","","","Kenya"
"Calliandra calothyrsus","121078","90.64","26.47","50.20","9.71","17.75","89.19","","","","","","","","","","","","","","","Kenya"
"Calliandra calothyrsus","121079","90.65","31.29","53.44","11.56","17.63","93.86","","","","","","","","","","","","","","","Kenya"
"Calliandra calothyrsus","121080","90.47","43.22","60.83","20.17","26.94","95.13","","","","","","","","","","","","","","","Kenya"
"Calliandra calothyrsus","121081","90.06","60.76","61.14","31.65","22.56","95.47","","","","","","","","","","","","","","","Kenya"
"Calpurnia aurea","116206","90.64","36.55","45.61","11.29","12.06","87.07","","","","","","","","","","","","","","","Ethiopia"
"Camwood","117114","89.94","44.47","63.65","19.00","","","","","","","","","","","","","","","","","Nigeria"
"Camwood","117123","91.16","42.91","61.65","18.66","","","","","","","","","","","","","","","","","Nigeria"
"Canthium schimperianum","108423","94.79","","","","8.50","94.38","0.50","8.90","100.00","258.50","8.70","1.20","9.70","58.40","22.40","","","","","","Ethiopia"
"Carissa bispinosa","100176","94.21","36.00","47.95","22.12","10.63","","","","","","","","","","","","","","","","Botswana"
"Carissa bispinosa","100177","94.28","37.33","48.28","23.42","9.38","","","","","","","","","","","","","","","","Botswana"
"Carissa bispinosa","102166","90.70","44.91","49.99","30.92","9.81","","1.70","18.10","","","","","","","","","","","","","Botswana"
"Carissa bispinosa","102167","90.07","45.49","47.80","30.16","8.88","","1.70","10.80","","","","","","","","","","","","","Botswana"
"Egyptian carissa","121095","91.78","31.46","42.93","15.30","8.63","93.09","","","","","","","","","","","","","","","Kenya"
"Cadaba farinosa","108412","91.06","","","","26.06","86.46","1.80","14.80","500.00","175.90","27.80","10.10","13.50","59.90","38.30","","","","","","Ethiopia"
"Calliandra calothyrsus","100024","85.98","49.76","53.68","28.43","28.38","89.69","","","","","","","","","","","","","","",""
"Calliandra calothyrsus","100025","84.88","50.68","55.22","29.51","28.56","89.97","","","","","","","","","","","","","","",""
"Calliandra calothyrsus","100026","85.78","47.28","55.84","26.18","27.69","90.08","","","","","","","","","","","","","","",""
"Calliandra calothyrsus","100030","84.99","58.55","59.47","33.03","26.44","89.25","","","","","","","","","","","","","","",""
"Calliandra calothyrsus","100031","84.92","61.87","62.78","35.80","26.81","89.08","","","","","","","","","","","","","","",""
"Calliandra calothyrsus","100032","85.28","61.22","62.35","35.01","25.75","89.14","","","","","","","","","","","","","","",""
"Calliandra calothyrsus","100039","85.31","48.73","57.18","26.22","23.94","92.38","","","","","","","","","","","","","","",""
"Calliandra calothyrsus","100040","86.88","49.39","56.62","26.04","23.06","91.26","","","","","","","","","","","","","","",""
"Calliandra calothyrsus","100041","86.41","47.02","57.54","25.08","23.69","91.49","","","","","","","","","","","","","","",""
"Calliandra calothyrsus","100057","88.56","31.63","42.83","13.31","21.75","94.22","","","","","","","","","","","","","","",""
"Barwood","108243","88.79","45.83","51.10","12.51","15.31","93.41","1.50","8.80","639.07","219.50","21.20","5.20","10.92","102.60","16.78","","","","","","Gambia"
"Barwood","108244","89.40","54.90","59.36","18.62","17.81","93.52","1.60","10.00","726.62","390.80","15.80","4.30","17.45","75.06","14.21","","","","","","Gambia"
"Barwood","108245","88.46","46.62","47.50","13.19","18.06","90.52","2.90","6.60","231.00","1101.20","24.90","5.00","26.23","6.81","25.32","49.63","7.53","4.02","1.72","4.48","Gambia"
"Barwood","108268","87.21","53.77","55.84","16.47","14.69","91.51","2.30","8.60","151.47","133.47","29.00","6.30","18.81","123.27","29.93","58.90","8.87","5.31","2.93","5.44","Gambia"
"Barwood","108297","87.22","46.12","","19.43","32.00","91.71","4.30","4.10","202.36","183.44","34.20","5.30","26.60","69.48","40.24","60.13","9.08","5.48","3.10","5.61","Gambia"
"Barwood","108315","86.95","36.00","42.00","9.93","28.31","88.10","4.00","4.60","58.54","223.35","30.90","4.70","20.36","28.06","22.89","63.51","9.12","5.52","3.14","5.61","Gambia"
"Barwood","108317","88.20","37.00","41.87","10.40","23.50","91.93","3.10","6.50","329.48","455.78","30.00","5.30","20.07","134.69","43.54","62.68","9.46","5.82","3.39","5.86","Gambia"
"Barwood","109040","88.47","21.35","40.08","7.49","21.38","91.98","2.20","5.50","27.81","179.50","31.10","5.30","19.44","29.50","23.62","","","","","","Nigeria"
"Barwood","109051","89.81","42.32","56.14","13.77","14.88","92.23","1.80","5.70","29.84","295.85","26.30","4.10","19.93","48.10","17.37","","","","","","Nigeria"
"Barwood","112643","91.14","51.53","67.11","22.13","16.88","91.87","1.00","","","","","","","","","","","","","","Nigeria"
"Bombax buonopozense","108280","88.53","","25.10","","13.25","92.64","3.10","0.50","149.67","187.51","22.00","5.60","27.79","78.17","42.02","","","","","","Gambia"
"Bombax buonopozense","108300","87.24","24.14","24.83","8.26","23.44","90.76","5.50","6.80","97.20","276.13","24.60","6.20","21.32","47.68","35.76","74.87","11.00","7.20","4.60","6.95","Gambia"
"Boscia albitrunca","121202","93.45","31.76","49.81","13.64","20.31","88.90","","","","","","","","","","","","","","","Botswana"
"Boscia angustifolia","104368","92.05","","","","20.62","88.53","2.40","22.40","","","","","","","","","","","","","Ethiopia"
"Bridelia ferruginea","109037","88.05","29.51","48.13","10.35","12.44","94.15","1.50","5.60","31.35","192.50","19.30","5.20","9.31","303.58","45.77","","","","","","Nigeria"
"Bridelia ferruginea","109069","88.40","25.59","48.05","9.84","14.75","94.15","2.90","5.70","16.86","37.22","20.80","3.60","8.48","168.21","32.13","","","","","","Nigeria"
"Bridelia micrantha","103117","88.38","","44.38","","27.31","93.65","","","","","","","","","","","","","","","Kenya"
"Bridelia micrantha","103131","91.89","","55.11","","13.44","92.89","","","","","","","","","","","","","","","Kenya"
"Barteria fistulosa","117111","88.31","40.37","42.58","14.53","","","","","","","","","","","","53.43","7.99","4.44","2.13","4.81","Nigeria"
"Barteria fistulosa","117121","89.42","31.70","40.16","11.89","","","","","","","","","","","","64.69","9.50","5.86","3.43","5.90","Nigeria"
"Barwood","108239","88.17","46.99","50.41","8.90","14.44","92.53","1.60","7.80","145.06","310.50","24.70","6.60","18.71","72.13","34.82","","","","","","Gambia"
"Terminalia schimperi","109070","88.93","23.06","41.91","6.48","10.25","96.46","1.90","8.90","36.88","296.19","11.60","4.30","18.44","30.25","25.19","","","","","","Nigeria"
"Aspilia africana","109911","92.45","41.28","45.84","","6.06","90.95","0.90","9.80","37.10","162.47","5.30","2.60","16.87","118.77","22.61","50.26","7.66","4.14","1.84","4.56","Nigeria"
"Aspilia mossambicensis","103113","86.98","","31.88","","30.56","84.16","","","","","","","","","","","","","","","Kenya"
"Aspilia mossambicensis","103123","89.79","","30.99","","30.19","82.61","","","","","","","","","","","","","","","Kenya"
"Aspilia mossambicensis","103127","90.88","","34.23","","12.69","80.28","","","","","","","","","","","","","","","Kenya"
"Saltbush (A. halimus)","101938","93.91","19.34","40.10","13.91","13.19","70.47","","","","","6.50","","","","","","","","","","Ethiopia"
"Saltbush (A. nummularia)","101939","91.91","14.27","37.88","9.25","17.50","65.64","","","","","","","","","","","","","","","Ethiopia"
"Balanites aegyptiaca","100942","94.57","","37.50","","17.75","92.26","","","","","","","","","","58.45","8.91","5.31","2.93","5.48","Ethiopia"
"Balanites aegyptiaca","101378","94.12","","35.88","","13.00","91.23","","","","","","","","","","65.88","9.83","6.15","3.68","6.11","Ethiopia"
"Balanites aegyptiaca","101753","94.87","","31.52","","","93.43","","","","","","","","","","65.18","10.00","6.32","3.81","6.23","Ethiopia"
"Balanites aegyptiaca","101779","96.31","","22.56","","23.31","","","","","","","","","","","","","","","","Ethiopia"
"Balanites aegyptiaca","102611","93.82","33.10","87.87","","14.00","","","","","","","","","","","","","","","","Ethiopia"
"Balanites aegyptiaca","102635","92.56","28.74","40.32","10.60","34.44","92.98","4.70","","","","","","","","","","","","","","Ethiopia"
"Balanites aegyptiaca","108425","94.01","","","","10.69","93.95","1.40","7.90","900.00","98.80","14.10","0.70","18.70","36.70","22.50","","","","","","Ethiopia"
"Balanites aegyptiaca","109863","91.55","","40.60","","30.50","93.17","","","","","","","","","","","","","","","Ethiopia"
"Balanites aegyptiaca","110402","91.04","","","","19.56","","","","","","","","","","","60.85","9.00","5.40","3.01","5.52","Kenya"
"Balanites aegyptiaca","111053","92.81","22.17","31.93","13.41","15.69","87.62","","","","","","","","","","","","","","","Ethiopia"
"Balanites aegyptiaca","111090","93.01","24.03","31.36","14.13","15.88","87.00","","","","","","","","","","","","","","","Ethiopia"
"Balanites aegyptiaca","111361","92.06","22.82","33.41","12.83","14.94","87.50","","","","","","","","","","","","","","","Ethiopia"
"Balanites aegyptiaca","111429","91.60","23.98","32.05","13.67","16.31","87.90","","","","","","","","","","","","","","","Ethiopia"
"Balanites aegyptiaca","111444","87.25","25.81","36.34","14.28","17.63","88.10","","","","","","","","","","","","","","","Ethiopia"
"Balanites aegyptiaca","111571","92.30","24.82","34.04","13.74","16.81","87.65","","","","","","","","","","65.33","9.33","5.69","3.26","5.77","Ethiopia"
"Balanites aegyptiaca","112011","93.44","24.54","33.93","13.06","15.81","85.82","","","","","","","","","","","","","","","Ethiopia"
"Balanites aegyptiaca","112850","92.73","24.21","33.52","12.89","16.13","87.29","1.80","","","","","","","","","","","","","","Ethiopia"
"Balanites maughamii","103750","89.86","","","","","91.39","","","","","","","","","","","","","","","Kenya"
"Barleria acanthoides","110932","87.49","","","","20.06","","","","","","","","","","","55.71","8.28","4.73","2.43","5.02","Kenya"
"Barleria acanthoides","111005","91.49","","","","9.63","","","","","","","","","","","","","","","","Kenya"
"Albizia lebbeck","103687","94.62","42.05","","26.02","23.87","93.85","2.10","","","","12.40","","","","","","","","","","Ethiopia"
"Albizia lebbeck","103688","94.64","44.59","","27.23","23.50","93.71","2.20","","","","12.50","","","","","","","","","","Ethiopia"
"Albizia lebbeck","103689","94.44","44.01","","27.18","23.62","93.62","2.20","","","","12.50","","","","","","","","","","Ethiopia"
"Albizia lebbeck","103690","94.53","42.29","","25.97","23.37","93.61","2.10","","","","12.30","","","","","","","","","","Ethiopia"
"Albizia schimperiana","103425","91.15","44.97","","26.98","23.94","93.67","1.90","13.30","","163.03","18.80","3.90","","","16.26","","","","","","Ethiopia"
"Albizia schimperiana","103426","90.72","44.95","","26.50","24.06","93.72","1.90","13.60","","160.04","18.40","4.00","","","15.80","","","","","","Ethiopia"
"Albizia schimperiana","103427","90.91","43.10","","26.21","24.19","93.43","1.90","13.80","","199.93","17.80","4.10","","","9.78","","","","","","Ethiopia"
"African copaiba balsam tree","112656","89.46","63.47","68.65","","17.69","93.35","2.50","","","","","","","","","","","","","","Nigeria"
"African locust bean","117702","89.97","","71.12","","","94.20","","","","","","","","","","","","","","","Nigeria"
"African locust bean","117703","89.78","","72.79","","","94.79","","","","","","","","","","","","","","","Nigeria"
"African locust bean","117704","89.54","","49.89","","","92.81","","","","","","","","","","","","","","","Nigeria"
"African locust bean","117705","88.83","","70.65","","","96.05","","","","","","","","","","","","","","","Nigeria"
"African locust bean","117706","88.55","","71.93","","","91.44","","","","","","","","","","","","","","","Nigeria"
"African locust bean","117707","89.65","","73.01","","","93.90","","","","","","","","","","","","","","","Nigeria"
"African locust bean","117708","89.74","","69.76","","","93.82","","","","","","","","","","","","","","","Nigeria"
"African locust bean","117709","89.15","","69.31","","","94.47","","","","","","","","","","","","","","","Nigeria"
"African locust bean","117710","89.19","","67.05","","","91.68","","","","","","","","","","","","","","","Nigeria"
"African locust bean","117711","88.54","","67.48","","","93.62","","","","","","","","","","","","","","","Nigeria"
"African locust bean","117722","89.22","","71.61","","","94.02","","","","","","","","","","","","","","","Nigeria"
"African locust bean","117724","91.42","","73.50","","","93.39","","","","","","","","","","68.58","10.46","6.74","4.18","6.57","Nigeria"
"African locust bean","117725","90.57","","72.66","","","93.46","","","","","","","","","","","","","","","Nigeria"
"African locust bean","117726","90.64","","74.80","","","93.31","","","","","","","","","","69.56","10.59","6.82","4.31","6.65","Nigeria"
"African locust bean","117727","90.56","","74.05","","","93.35","","","","","","","","","","68.14","10.38","6.65","4.14","6.53","Nigeria"
"Albizia gummifera","104825","92.57","36.47","","19.82","24.64","93.25","2.00","","","","17.50","","","","","","","","","","Ethiopia"
"Albizia gummifera","104846","90.75","","","","24.36","92.89","1.70","","","","12.20","","","","","","","","","","Ethiopia"
"Albizia gummifera","104847","92.00","","","","23.03","92.54","1.80","","","","9.50","","","","","","","","","","Ethiopia"
"Albizia gummifera","104848","91.86","","","","21.28","91.27","1.80","","","","11.80","","","","","","","","","","Ethiopia"
"Albizia gummifera","104849","91.33","","","","22.10","91.47","1.80","","","","10.60","","","","","","","","","","Ethiopia"
"Albizia gummifera","104850","91.47","","","","21.88","91.29","1.70","","","","11.40","","","","","","","","","","Ethiopia"
"Albizia gummifera","104851","91.03","","","","21.13","92.32","1.60","","","","12.50","","","","","","","","","","Ethiopia"
"Albizia gummifera","104852","91.11","","","","21.77","91.61","1.60","","","","9.10","","","","","","","","","","Ethiopia"
"Albizia gummifera","104853","91.79","","","","21.98","92.22","1.70","","","","11.80","","","","","","","","","","Ethiopia"
"Albizia gummifera","104854","91.71","","","","20.01","87.90","1.60","","","","9.10","","","","","","","","","","Ethiopia"
"Albizia gummifera","104855","91.80","","","","21.54","92.15","1.60","","","","11.00","","","","","","","","","","Ethiopia"
"Albizia gummifera","104856","91.19","","","","22.13","92.84","1.70","","","","12.70","","","","","","","","","","Ethiopia"
"Albizia gummifera","104857","92.04","","","","23.54","92.29","1.80","","","","12.20","","","","","","","","","","Ethiopia"
"Albizia gummifera","104858","91.35","","","","23.28","91.62","1.70","","","","11.80","","","","","","","","","","Ethiopia"
"Albizia gummifera","104859","91.40","","","","20.69","92.30","1.40","","","","11.80","","","","","","","","","","Ethiopia"
"Albizia gummifera","104860","91.54","","","","23.34","90.98","1.70","","","","10.70","","","","","","","","","","Ethiopia"
"Albizia gummifera","104876","89.11","","","","22.96","91.47","1.50","","","","5.40","","","","","","","","","","Ethiopia"
"Albizia gummifera","104877","89.15","","","","22.48","91.98","1.50","","","","6.00","","","","","","","","","","Ethiopia"
"Albizia gummifera","104878","90.33","","","","23.31","92.89","1.50","","","","5.60","","","","","","","","","","Ethiopia"
"Albizia gummifera","104879","88.81","","","","21.67","92.58","1.30","","","","6.90","","","","","","","","","","Ethiopia"
"Albizia gummifera","104880","89.79","","","","23.23","92.36","1.50","","","","5.40","","","","","","","","","","Ethiopia"
"Albizia gummifera","104881","90.25","","","","22.01","87.70","1.50","","","","6.10","","","","","","","","","","Ethiopia"
"Albizia gummifera","104882","89.16","","","","23.87","93.28","1.50","","","","5.40","","","","","","","","","","Ethiopia"
"Albizia gummifera","104883","89.65","","","","23.26","92.79","1.60","","","","7.40","","","","","","","","","","Ethiopia"
"Albizia gummifera","104884","89.13","","","","24.53","93.01","1.50","","","","4.90","","","","","","","","","","Ethiopia"
"Albizia gummifera","104885","89.66","","","","23.03","92.29","1.60","","","","6.80","","","","","","","","","","Ethiopia"
"Albizia gummifera","104886","88.90","","","","23.21","93.20","1.60","","","","6.00","","","","","","","","","","Ethiopia"
"Albizia gummifera","104887","89.37","","","","22.66","92.29","1.70","","","","6.60","","","","","","","","","","Ethiopia"
"Albizia gummifera","104888","88.90","","","","22.79","92.34","1.60","","","","7.40","","","","","","","","","","Ethiopia"
"Albizia gummifera","104889","89.93","","","","24.74","90.97","1.70","","","","5.00","","","","","","","","","","Ethiopia"
"Albizia gummifera","104890","90.09","","","","23.56","89.17","1.40","","","","2.80","","","","","","","","","","Ethiopia"
"Albizia gummifera","105043","88.40","68.58","","46.75","26.53","90.08","1.70","","","","0.30","","","","","","","","","","Ethiopia"
"Albizia gummifera","105045","88.69","70.90","","49.09","25.36","91.16","1.70","","","","2.60","","","","","","","","","","Ethiopia"
"Albizia gummifera","105046","88.26","72.45","","50.24","25.97","91.13","1.80","","","","3.20","","","","","","","","","","Ethiopia"
"Albizia gummifera","105047","88.29","72.35","","49.06","25.52","88.98","1.80","","","","2.60","","","","","","","","","","Ethiopia"
"Albizia gummifera","105048","88.47","74.09","","50.77","24.33","91.72","1.80","","","","1.90","","","","","","","","","","Ethiopia"
"Albizia gummifera","105052","88.59","69.99","","49.25","26.61","91.98","1.80","","","","2.50","","","","","","","","","","Ethiopia"
"Albizia gummifera","105053","88.36","70.10","","49.51","25.94","91.95","1.80","","","","1.80","","","","","","","","","","Ethiopia"
"Albizia gummifera","105056","88.03","68.94","","49.56","26.46","90.68","1.70","","","","1.90","","","","","","","","","","Ethiopia"
"Albizia gummifera","105058","87.96","70.52","","49.83","26.02","92.11","1.70","","","","1.70","","","","","","","","","","Ethiopia"
"Albizia gummifera","105059","88.74","70.37","","48.94","26.51","91.58","1.60","","","","1.80","","","","","","","","","","Ethiopia"
"Albizia gummifera","105061","88.84","69.35","","49.50","23.51","90.61","1.30","","","","1.70","","","","","","","","","","Ethiopia"
"Albizia gummifera","105062","88.55","69.20","","47.81","25.06","90.85","1.60","","","","1.50","","","","","","","","","","Ethiopia"
"Albizia gummifera","105063","88.70","65.15","","45.05","26.43","90.66","1.50","","","","0.90","","","","","","","","","","Ethiopia"
"Albizia gummifera","105065","85.98","79.02","","47.33","27.55","84.40","4.20","","","","1.60","","","","","","","","","","Ethiopia"
"Albizia gummifera","105066","88.53","71.64","","50.19","24.25","92.26","1.60","","","","2.40","","","","","","","","","","Ethiopia"
"Albizia gummifera","105069","87.87","71.81","","49.57","23.91","91.42","1.60","","","","1.80","","","","","","","","","","Ethiopia"
"Albizia gummifera","105125","90.70","68.12","","48.29","26.53","83.79","1.60","","","","0.30","","","","","","","","","","Ethiopia"
"Albizia gummifera","105126","90.46","63.22","","44.51","25.39","84.69","1.70","","","","0.80","","","","","","","","","","Ethiopia"
"Albizia gummifera","105128","90.81","66.99","","48.74","25.87","90.75","1.70","","","","0.80","","","","","","","","","","Ethiopia"
"Albizia gummifera","105131","90.73","54.26","","38.13","21.92","75.76","1.60","","","","1.00","","","","","","","","","","Ethiopia"
"Albizia gummifera","105133","91.07","59.25","","41.40","22.98","80.60","1.60","","","","0.90","","","","","","","","","","Ethiopia"
"Albizia gummifera","105135","93.52","58.38","","41.54","23.61","84.47","1.80","","","","1.40","","","","","","","","","","Ethiopia"
"Albizia gummifera","105136","91.12","49.63","","35.82","21.81","80.35","1.50","","","","1.00","","","","","","","","","","Ethiopia"
"Albizia gummifera","105139","90.57","62.58","","45.22","20.78","87.73","1.60","","","","0.80","","","","","","","","","","Ethiopia"
"Albizia lebbeck","103449","95.12","70.02","","51.62","22.94","91.32","1.40","26.70","117.72","","6.10","4.10","","","","","","","","","Ethiopia"
"Albizia lebbeck","103451","94.78","69.74","","51.73","22.56","91.01","1.40","28.10","106.38","","7.00","3.70","","","","","","","","","Ethiopia"
"Albizia lebbeck","103453","94.36","70.01","","52.47","23.25","91.40","1.30","24.00","111.53","","2.80","3.80","","","","","","","","","Ethiopia"
"Albizia lebbeck","103455","94.64","67.61","","51.26","22.69","91.25","1.40","6.90","94.71","","7.00","4.20","","","","","","","","","Ethiopia"
"Albizia lebbeck","103457","94.68","70.17","","51.53","23.31","91.33","1.40","5.50","83.68","","5.60","4.20","","","","","","","","","Ethiopia"
"Albizia lebbeck","103459","94.71","69.55","","51.56","24.69","91.26","1.40","6.20","100.12","","6.30","4.40","","","","","","","","","Ethiopia"
"Albizia lebbeck","103461","94.69","71.69","","54.24","24.44","91.38","1.40","4.20","62.59","","4.30","4.50","","","","","","","","","Ethiopia"
"Albizia lebbeck","103463","95.31","65.53","","49.21","23.19","91.34","1.20","25.90","48.22","","1.50","3.60","","","","","","","","","Ethiopia"
"Albizia lebbeck","103465","95.38","64.33","","48.84","25.00","91.39","1.20","26.00","62.91","","1.80","3.70","","","","","","","","","Ethiopia"
"Albizia lebbeck","103467","94.97","70.76","","52.66","24.50","91.26","1.20","26.60","56.16","","2.10","3.90","","","","","","","","","Ethiopia"
"Albizia lebbeck","103469","95.57","71.04","","52.68","24.87","91.29","1.30","26.00","75.93","","2.00","3.70","","","","","","","","","Ethiopia"
"Albizia lebbeck","103471","94.69","71.51","","53.23","24.87","91.16","1.20","25.50","54.00","","1.90","3.60","","","","","","","","","Ethiopia"
"Albizia lebbeck","103498","95.19","69.56","","53.49","24.12","92.09","1.10","21.40","72.45","","2.60","3.90","","","","","","","","","Ethiopia"
"Albizia lebbeck","103500","95.28","71.02","","54.04","28.00","92.04","1.20","23.50","60.68","","1.90","3.80","","","","","","","","","Ethiopia"
"Albizia lebbeck","103502","94.37","67.25","","50.20","25.94","90.86","0.90","23.00","106.79","","0.90","3.20","","","","","","","","","Ethiopia"
"Albizia lebbeck","103505","94.45","67.42","","50.85","27.44","92.13","1.20","23.00","72.92","","0.90","3.50","","","","","","","","","Ethiopia"
"Albizia lebbeck","103640","95.44","43.89","","26.47","29.12","93.07","2.00","","","","10.40","","","","","","","","","","Ethiopia"
"Albizia lebbeck","103641","95.52","52.95","","33.91","24.44","92.83","2.10","","","","11.70","","","","","","","","","","Ethiopia"
"Albizia lebbeck","103642","95.44","49.16","","30.27","27.75","93.07","2.00","","","","11.40","","","","","","","","","","Ethiopia"
"Albizia lebbeck","103649","95.29","56.02","","34.72","31.06","92.48","2.10","","","","12.70","","","","","","","","","","Ethiopia"
"Albizia lebbeck","103650","94.97","42.78","","26.06","23.56","93.15","2.00","","","","11.90","","","","","","","","","","Ethiopia"
"Albizia lebbeck","103651","95.46","52.58","","33.50","26.00","92.54","2.00","","","","12.20","","","","","","","","","","Ethiopia"
"Albizia lebbeck","103658","94.99","43.25","","28.96","23.31","93.94","1.80","","","","11.60","","","","","","","","","","Ethiopia"
"Albizia lebbeck","103659","95.09","49.19","","32.55","25.62","93.33","1.90","","","","11.30","","","","","","","","","","Ethiopia"
"Albizia lebbeck","103660","94.71","42.60","","26.96","25.12","93.24","1.90","","","","11.80","","","","","","","","","","Ethiopia"
"Albizia lebbeck","103667","94.50","47.92","","30.23","26.62","92.75","2.10","","","","12.20","","","","","","","","","","Ethiopia"
"Albizia lebbeck","103668","94.38","41.73","","26.04","23.62","93.18","1.80","","","","11.70","","","","","","","","","","Ethiopia"
"Albizia lebbeck","103669","94.46","54.75","","37.78","24.44","93.87","1.70","","","","10.90","","","","","","","","","","Ethiopia"
"Albizia lebbeck","103686","94.60","41.54","","25.41","22.81","92.96","2.10","","","","12.10","","","","","","","","","","Ethiopia"
"Vachellia robusta","100157","93.90","33.81","46.06","18.64","15.06","","","","","","","","","","","","","","","","Botswana"
"Vachellia robusta","100158","93.92","33.03","44.43","17.67","15.31","","","","","","","","","","","","","","","","Botswana"
"Vachellia robusta","100159","94.10","36.51","46.77","17.66","15.38","","","","","","","","","","","","","","","","Botswana"
"Acacia salicina","101934","89.79","25.26","46.32","12.45","14.31","83.11","","","","","","","","","","","","","","","Ethiopia"
"Acacia saligna","101914","87.56","","51.36","","13.25","90.42","","","","","","","","","","","","","","","Ethiopia"
"Acacia saligna","101935","92.05","28.00","44.69","13.46","14.88","88.29","","","","","52.50","","","","","","","","","","Ethiopia"
"Acacia saligna","102656","85.82","","51.10","","21.06","91.13","2.40","","","","","","","","","","","","","","Ethiopia"
"Acacia saligna","109357","92.53","","31.36","","23.56","86.52","1.80","32.70","","","","","","","","","","","","","Ethiopia"
"Acacia saligna","111714","91.30","","37.94","","11.69","86.34","0.80","34.40","","","","","","","","","","","","","Ethiopia"
"Acacia saligna","111722","91.39","","40.47","","11.50","85.12","","40.30","","","","5.60","","","","","","","","","Ethiopia"
"Acacia saligna","119491","91.56","42.91","57.28","20.72","12.75","91.99","","","","","","","","","","","","","","","Ethiopia"
"Senegalia senegal","104370","92.91","","","","19.06","88.90","2.20","24.70","","","","","","","","","","","","","Ethiopia"
"Senegalia senegal","104371","92.19","","","","18.00","94.24","2.10","14.30","","","","","","","","","","","","","Ethiopia"
"Senegalia senegal","109363","93.09","","38.40","","25.31","85.33","1.90","39.40","","","","","","","","","","","","","Ethiopia"
"Senegalia senegal","111709","91.40","","41.05","","19.81","87.09","3.10","17.50","","","","","","","","","","","","","Ethiopia"
"Senegalia senegal","111726","91.83","","40.85","","25.88","88.99","2.50","23.50","","","","3.20","","","","","","","","","Ethiopia"
"Senegalia senegal","116208","91.37","51.26","58.27","12.27","6.00","86.14","","","","","","","","","","","","","","","Ethiopia"
"Vachellia seyal","108422","93.47","","","","8.75","92.46","0.70","14.00","200.00","283.10","7.90","2.00","9.70","41.20","21.50","","","","","","Ethiopia"
"Vachellia seyal","109360","93.57","","28.28","","24.56","91.31","1.70","22.00","","","","","","","","","","","","","Ethiopia"
"Vachellia seyal","109376","90.86","","","","15.25","89.39","","","","","","","","","","","","","","","Ethiopia"
"Vachellia seyal","109861","91.13","18.24","32.00","7.90","20.63","90.87","","","","","","","","","","","","","","","Ethiopia"
"Vachellia seyal","111051","91.51","48.79","72.48","6.04","4.56","90.61","","","","","","","","","","","","","","","Ethiopia"
"Vachellia seyal","111066","91.18","16.67","23.89","4.41","17.63","92.22","","","","","","","","","","76.79","11.46","7.57","4.94","7.24","Ethiopia"
"Vachellia seyal","111088","91.90","15.46","23.35","4.94","17.81","91.14","","","","","","","","","","","","","","","Ethiopia"
"Vachellia seyal","111359","91.22","14.26","22.41","4.26","18.13","92.26","","","","","","","","","","","","","","","Ethiopia"
"Vachellia seyal","111427","91.00","12.48","20.93","5.21","18.88","92.02","","","","","","","","","","","","","","","Ethiopia"
"Vachellia seyal","111442","86.60","14.40","21.15","4.70","19.88","92.40","","","","","","","","","","","","","","","Ethiopia"
"Vachellia seyal","111569","91.70","15.51","24.72","4.98","18.13","91.53","","","","","","","","","","74.78","11.09","7.28","4.69","6.99","Ethiopia"
"Vachellia seyal","111707","93.39","","22.25","","18.19","88.27","1.50","32.60","","","","","","","","","","","","","Ethiopia"
"Vachellia seyal","111725","92.80","","26.86","","16.44","90.69","1.60","28.70","","","","3.70","","","","","","","","","Ethiopia"
"Vachellia seyal","112858","92.64","16.04","23.43","5.15","17.94","92.18","1.90","","","","","","","","","","","","","","Ethiopia"
"Vachellia seyal","121043","91.64","27.88","40.56","6.98","16.94","94.36","","","","","","","","","","","","","","","Kenya"
"Vachellia sieberiana","101409","92.56","30.28","41.14","16.18","16.13","88.67","","","","","","","","","","","","","","","Ethiopia"
"Vachellia sieberiana","101417","90.24","35.98","45.61","13.62","13.56","95.06","","","","","","","","","","","","","","","Ethiopia"
"Vachellia sieberiana","101936","93.24","32.85","52.63","19.20","20.69","89.18","","","","","24.90","","","","","","","","","","Ethiopia"
"Vachellia sieberiana","108238","89.03","30.03","36.70","12.00","24.44","94.24","3.50","8.50","180.60","246.90","16.20","3.70","9.21","48.75","36.95","61.02","9.50","5.86","3.43","5.86","Gambia"
"Vachellia sieberiana","117875","93.87","","","","21.63","","","","","","","","","","","","","","","","Ethiopia"
"Vachellia sieberiana","117876","92.58","","","","11.50","","","","","","","","","","","","","","","","Ethiopia"
"Vachellia tortilis","100093","94.84","45.58","51.17","27.86","12.81","","","","","","","","","","","","","","","","Botswana"
"Vachellia tortilis","100160","93.73","44.41","52.14","25.70","14.38","","","","","","","","","","","","","","","","Botswana"
"Vachellia tortilis","100161","94.01","40.78","45.53","23.78","11.13","","","","","","","","","","","","","","","","Botswana"
"Vachellia tortilis","100162","93.92","41.08","47.67","26.58","13.06","","","","","","","","","","","","","","","","Botswana"
"Vachellia tortilis","101818","93.79","","46.30","","14.25","","","","","","","","","","","","","","","","Botswana"
"Vachellia tortilis","101919","94.54","","29.80","","14.19","","","","","","","","","","","71.43","10.42","6.69","4.18","6.53","Kenya"
"Vachellia tortilis","108204","90.20","","","","35.94","94.54","3.00","5.40","300.00","149.50","16.20","2.10","6.00","36.40","39.60","","","","","","Ethiopia"
"Vachellia tortilis","108418","93.82","","","","20.75","90.11","1.60","16.00","500.00","576.30","12.00","1.70","6.00","54.70","21.30","","","","","","Ethiopia"
"Vachellia tortilis","108814","91.35","24.55","31.31","5.79","14.31","94.97","","","","","","","","","","","","","","","Ethiopia"
"Vachellia tortilis","108851","94.00","","","","14.25","","","","","","","","","","","","","","","","Ethiopia"
"Vachellia tortilis","111565","91.25","31.20","41.46","7.86","13.00","95.56","","","","","","","","","","60.49","9.54","5.90","3.47","5.94","Ethiopia"
"Vachellia tortilis","111597","92.15","28.97","36.17","7.39","15.44","94.75","","","","","","","","","","65.19","10.13","6.44","3.93","6.32","Ethiopia"
"Vachellia tortilis","111697","91.98","29.82","38.07","8.45","14.56","94.88","","","","","","","","","","63.11","9.87","6.19","3.72","6.15","Ethiopia"
"Vachellia tortilis","111910","91.46","29.94","39.97","8.53","13.19","95.18","","","","","","","","","","57.05","9.04","5.44","3.05","5.56","Ethiopia"
"Vachellia tortilis","111916","93.74","","33.02","","17.44","","","","","","","","","","","67.73","9.92","6.23","3.77","6.19","Kenya"
"Vachellia tortilis","111917","93.96","","31.08","","15.88","","","","","","","","","","","67.62","9.92","6.23","3.77","6.19","Kenya"
"Vachellia tortilis","111918","94.40","","34.58","","17.31","","","","","","","","","","","67.32","9.87","6.19","3.72","6.15","Kenya"
"Vachellia tortilis","111919","94.24","","31.43","","15.81","","","","","","","","","","","65.66","9.67","5.98","3.56","5.98","Kenya"
"Vachellia tortilis","111920","94.12","","34.64","","12.50","","","","","","","","","","","52.83","7.91","4.39","2.05","4.77","Kenya"
"Vachellia tortilis","111921","93.12","","32.21","","15.69","","","","","","","","","","","68.72","10.04","6.36","3.89","6.28","Kenya"
"Vachellia tortilis","111922","93.99","","36.20","","16.88","","","","","","","","","","","65.32","9.58","5.94","3.51","5.94","Kenya"
"Vachellia tortilis","111923","94.34","","29.20","","15.63","","","","","","","","","","","71.25","10.42","6.65","4.14","6.53","Kenya"
"Vachellia tortilis","111950","90.04","25.49","40.95","9.61","13.81","95.26","","","","","","","","","","","","","","","Ethiopia"
"Vachellia tortilis","111954","91.14","29.84","35.77","8.38","14.19","94.93","","","","","","","","","","62.65","9.79","6.15","3.68","6.11","Ethiopia"
"Vachellia tortilis","115122","94.61","","","","13.13","94.83","","","","","","","","","","","","","","","Ethiopia"
"Vachellia tortilis","115123","95.31","","","","13.56","94.62","","","","","","","","","","","","","","","Ethiopia"
"Vachellia tortilis","115124","95.45","","","","14.13","94.82","","","","","","","","","","","","","","","Ethiopia"
"Vachellia tortilis","115125","94.43","","","","12.13","94.75","","","","","","","","","","","","","","","Ethiopia"
"Vachellia tortilis","115126","94.86","","","","12.44","94.33","","","","","","","","","","","","","","","Ethiopia"
"Vachellia tortilis","115127","94.20","","","","12.13","94.26","","","","","","","","","","","","","","","Ethiopia"
"Vachellia tortilis","115128","96.17","","","","13.06","94.74","","","","","","","","","","","","","","","Ethiopia"
"Vachellia tortilis","115129","95.09","","","","13.50","94.02","","","","","","","","","","","","","","","Ethiopia"
"Vachellia tortilis","115130","95.51","","","","12.81","94.47","","","","","","","","","","","","","","","Ethiopia"
"Vachellia tortilis","115131","95.15","","","","12.56","94.18","","","","","","","","","","","","","","","Ethiopia"
"Vachellia tortilis","115132","95.29","","","","13.19","94.50","","","","","","","","","","59.99","9.37","5.73","3.31","5.77","Ethiopia"
"Vachellia tortilis","115133","95.17","","","","12.31","94.73","","","","","","","","","","","","","","","Ethiopia"
"Vachellia tortilis","115134","96.00","","","","13.69","94.08","","","","","","","","","","","","","","","Ethiopia"
"Vachellia tortilis","115135","95.18","","","","12.69","94.75","","","","","","","","","","","","","","","Ethiopia"
"Vachellia tortilis","115136","95.51","","","","11.75","94.70","","","","","","","","","","58.30","9.16","5.56","3.14","5.65","Ethiopia"
"Vachellia tortilis","115137","94.98","","","","13.19","93.79","","","","","","","","","","","","","","","Ethiopia"
"Vachellia tortilis","115138","95.17","","","","13.75","94.36","","","","","","","","","","","","","","","Ethiopia"
"Vachellia tortilis","115139","94.51","","","","12.44","94.82","","","","","","","","","","","","","","","Ethiopia"
"Vachellia tortilis","115140","95.79","","","","13.19","94.82","","","","","","","","","","","","","","","Ethiopia"
"Vachellia tortilis","115141","95.13","","","","12.06","94.86","","","","","","","","","","","","","","","Ethiopia"
"Vachellia tortilis","115142","95.66","","","","13.06","93.59","","","","","","","","","","","","","","","Ethiopia"
"Vachellia tortilis","115143","95.00","","","","12.50","93.37","","","","","","","","","","","","","","","Ethiopia"
"Vachellia tortilis","115144","95.89","","","","12.69","94.48","","","","","","","","","","","","","","","Ethiopia"
"Vachellia tortilis","115145","95.54","","","","11.88","94.11","","","","","","","","","","","","","","","Ethiopia"
"Vachellia tortilis","115146","95.72","","","","12.75","94.49","","","","","","","","","","","","","","","Ethiopia"
"Vachellia tortilis","115147","95.30","","","","12.38","94.12","","","","","","","","","","","","","","","Ethiopia"
"Vachellia tortilis","115148","95.61","","","","12.44","94.19","","","","","","","","","","","","","","","Ethiopia"
"Vachellia tortilis","115149","94.96","","","","11.88","94.38","","","","","","","","","","","","","","","Ethiopia"
"Vachellia tortilis","115150","95.53","","","","11.75","95.61","","","","","","","","","","","","","","","Ethiopia"
"Vachellia tortilis","115151","95.04","","","","12.94","94.26","","","","","","","","","","","","","","","Ethiopia"
"Vachellia tortilis","115152","95.61","","","","12.81","94.52","","","","","","","","","","","","","","","Ethiopia"
"Vachellia tortilis","115153","94.94","","","","12.81","93.98","","","","","","","","","","","","","","","Ethiopia"
"Vachellia tortilis","120211","88.06","","42.45","","13.38","96.18","","","","","","","","","","","","","","","Ethiopia"
"Vachellia tortilis","121045","90.81","37.99","56.11","12.08","19.44","94.60","","","","","","","","","","","","","","","Kenya"
"Vachellia vernicosa","101937","92.35","33.19","49.12","16.10","21.56","91.78","","","","","59.20","","","","","","","","","","Ethiopia"
"African copaiba balsam tree","109022","87.54","23.30","54.60","9.37","19.69","95.83","3.20","3.10","22.16","126.34","18.50","2.90","8.57","81.91","32.44","","","","","","Nigeria"
"African copaiba balsam tree","109062","84.07","24.61","55.17","12.02","19.31","95.36","4.90","3.20","14.15","34.61","18.60","2.90","14.15","44.37","29.26","","","","","","Nigeria"
"African copaiba balsam tree","112637","89.73","48.76","59.23","28.51","23.56","91.45","4.20","","","","","","","","","","","","","","Nigeria"
"Vachellia abyssinica","102887","95.42","22.35","32.72","10.54","20.44","90.73","1.70","18.00","38.99","414.48","10.30","3.00","21.27","113.29","99.04","","","","","","Ethiopia"
"Vachellia abyssinica","102888","94.80","22.86","33.80","10.17","21.94","92.20","2.20","17.60","49.90","641.35","22.40","4.00","19.94","107.28","68.88","","","","","","Ethiopia"
"Vachellia abyssinica","102889","95.39","23.71","34.30","10.40","23.69","91.00","1.90","16.70","51.47","521.96","12.10","3.60","18.45","74.22","72.86","","","","","","Ethiopia"
"Vachellia abyssinica","109354","93.55","","36.00","","20.25","91.52","2.00","19.10","","","","","","","","","","","","","Ethiopia"
"Vachellia abyssinica","111703","93.80","","33.80","","14.69","88.01","1.40","32.70","","","","","","","","","","","","","Ethiopia"
"Vachellia abyssinica","111720","92.49","","42.09","","19.06","92.14","1.90","19.50","","","","3.00","","","","","","","","","Ethiopia"
"Acacia aneura","121040","90.58","38.36","57.72","15.83","9.13","94.10","","","","","","","","","","","","","","","Kenya"
"Acaciella angustissima","100033","86.66","45.41","55.61","23.61","28.94","89.47","","","","","","","","","","","","","","",""
"Acaciella angustissima","100034","86.08","45.55","55.46","24.05","29.50","90.80","","","","","","","","","","","","","","",""
"Acaciella angustissima","100035","86.18","45.32","54.84","24.60","29.19","90.59","","","","","","","","","","","","","","",""
"Acaciella angustissima","100072","88.20","19.51","31.67","8.51","27.31","95.74","","","","","","","","","","","","","","",""
"Acaciella angustissima","100073","88.03","22.09","30.99","9.88","27.75","95.90","","","","","","","","","","","","","","",""
"Acaciella angustissima","100074","88.15","23.94","31.85","10.81","27.50","95.76","","","","","","","","","","","","","","",""
"Acaciella angustissima","101814","93.75","","30.40","","20.38","91.74","","","","","","","","","","","","","","","Ethiopia"
"Acaciella angustissima","101923","87.39","","31.49","","20.75","91.26","","","","","","","","","","","","","","","Ethiopia"
"Acaciella angustissima","102183","93.77","","24.61","","22.88","90.31","","","","","","","","","","","","","","","Ethiopia"
"Acaciella angustissima","102655","85.35","","38.01","","31.38","97.33","2.70","","","","","","","","","","","","","","Ethiopia"
"Acaciella angustissima","104818","91.68","","","","26.25","92.62","","","","","","","","","","","","","","","Ethiopia"
"Acaciella angustissima","104895","90.48","","","","26.90","92.80","","","","","","","","","","","","","","","Ethiopia"
"Acaciella angustissima","104900","90.84","","","","28.35","92.59","","","","","","","","","","","","","","","Ethiopia"
"Acaciella angustissima","104905","91.29","","","","27.33","92.79","","","","","","","","","","","","","","","Ethiopia"
"Acaciella angustissima","104910","90.64","","","","26.83","92.56","","","","","","","","","","","","","","","Ethiopia"
"Acaciella angustissima","104914","90.84","","","","26.46","93.04","","","","","","","","","","","","","","","Ethiopia"
"Acaciella angustissima","119465","90.30","","38.90","","23.50","92.32","1.60","","","","","","","","","","","","","","Ethiopia"
"Acaciella angustissima","120541","90.78","17.91","36.43","8.22","25.50","90.88","2.30","15.50","112.91","717.67","11.30","3.50","27.21","112.03","106.30","","","","","","Ethiopia"
"Acaciella angustissima","120587","87.41","","","","25.56","89.11","","","","","","","","","","","","","","","Nigeria"
"Acaciella angustissima","120947","90.78","","31.19","","17.13","90.12","","","","","","","","","","","","","","","Ethiopia"
"Acaciella angustissima","120950","90.67","","34.45","","18.38","91.02","","","","","","","","","","","","","","","Ethiopia"
"Senegalia ataxacantha","103114","89.33","","35.01","","39.63","94.16","","","","","","","","","","","","","","","Kenya"
"Senegalia ataxacantha","103128","91.49","","41.73","","17.75","92.07","","","","","","","","","","","","","","","Kenya"
"Senegalia brevispica","104369","93.59","","","","21.44","92.04","2.30","21.10","","","","","","","","","","","","","Ethiopia"
"Senegalia brevispica","104372","92.77","","","","12.75","92.31","2.30","23.10","","","","","","","","","","","","","Ethiopia"
"Senegalia brevispica","108651","96.68","","","","11.88","90.70","2.00","4.70","300.00","148.30","19.10","2.30","13.50","33.00","27.00","","","","","","Ethiopia"
"Senegalia brevispica","108812","91.36","25.70","38.33","13.61","18.63","92.40","","","","","","","","","","","","","","","Ethiopia"
"Senegalia brevispica","108852","94.00","","","","18.13","","","","","","","","","","","","","","","","Ethiopia"
"Senegalia brevispica","113322","90.55","26.78","36.72","11.01","18.00","93.89","","","","","","","","","","64.76","9.96","6.28","3.81","6.23","Ethiopia"
"Senegalia brevispica","116204","92.18","30.15","42.91","10.76","20.50","93.49","","","","","","","","","","59.04","9.12","5.52","3.14","5.61","Ethiopia"
"Senegalia brevispica","117827","91.84","36.24","47.76","11.79","31.19","93.75","","","","","","","","","","56.11","8.74","5.15","2.80","5.36","Ethiopia"
"Senegalia brevispica","119721","90.02","31.96","47.28","14.05","22.25","94.68","","","","","","","","","","53.58","8.45","4.94","2.55","5.15","Ethiopia"
"Senegalia brevispica","120038","90.83","27.53","39.96","13.10","22.38","93.32","","","","","","","","","","55.99","8.66","5.10","2.76","5.31","Ethiopia"
"Senegalia brevispica","120264","91.92","26.65","40.30","9.88","35.38","92.98","","","","","","","","","","62.27","9.54","5.90","3.43","5.90","Ethiopia"
"Senegalia brevispica","121098","91.68","35.94","56.26","18.92","16.38","93.25","","","","","","","","","","","","","","","Kenya"
"Acacia bussei","108413","92.39","","","","15.56","88.54","1.60","17.40","700.00","409.90","6.00","2.00","27.00","37.50","27.70","","","","","","Ethiopia"
"Senegalia caffra","121164","93.65","39.75","44.89","22.47","14.56","93.99","","","","","","","","","","","","","","","Botswana"
"Acacia coriacea","101926","92.13","37.79","57.27","20.41","12.56","89.43","","","","","25.00","","","","","","","","","","Ethiopia"
"Acacia saligna","101420","92.38","28.88","44.77","14.87","16.69","88.16","","","","","","","","","","","","","","","Ethiopia"
"Acacia saligna","101815","94.19","","45.90","","14.44","89.76","","","","","","","","","","","","","","","Ethiopia"
"Acacia saligna","101921","90.26","","45.75","","14.06","89.34","","","","","","","","","","","","","","","Ethiopia"
"Acacia saligna","111723","91.68","","38.23","","10.94","85.21","0.10","41.80","","","","6.80","","","","","","","","","Ethiopia"
"Acacia decurrens","103789","92.53","39.53","","28.43","","92.97","","","","","","","","","","","","","","","Ethiopia"
"Acacia decurrens","103790","92.28","36.20","","23.73","","92.82","","","","","","","","","","","","","","","Ethiopia"
"Acacia decurrens","103791","92.31","38.72","","26.11","","95.45","","","","","","","","","","","","","","","Ethiopia"
"Acacia dolichocephala","101927","92.63","39.50","52.50","23.13","13.88","94.63","","","","","","","","","","","","","","","Ethiopia"
"Vachellia erioloba","100090","95.33","38.82","51.80","10.66","9.63","","","","","","","","","","","","","","","","Botswana"
"Vachellia erioloba","100144","95.46","51.21","60.63","28.35","18.06","","","","","","","","","","","","","","","","Botswana"
"Vachellia erioloba","100145","95.34","49.75","60.74","27.32","17.13","","","","","","","","","","","","","","","","Botswana"
"Vachellia erioloba","100146","94.92","52.69","64.58","27.22","17.19","","","","","","","","","","","","","","","","Botswana"
"Vachellia erioloba","100147","95.01","38.00","53.38","19.98","24.44","","","","","","","","","","","","","","","","Botswana"
"Vachellia erioloba","101806","93.37","","50.08","","17.94","","","","","","","","","","","","","","","","Botswana"
"Vachellia erioloba","102160","90.19","34.40","44.91","16.85","23.44","","4.10","9.40","","","","","","","","","","","","","Botswana"
"Vachellia erioloba","102161","90.68","41.02","48.20","21.55","24.06","","4.00","9.00","","","","","","","","","","","","","Botswana"
"Vachellia hebeclada","100148","94.64","28.34","39.56","13.36","23.00","","","","","","","","","","","","","","","","Botswana"
"Vachellia hebeclada","100149","95.15","35.65","52.86","17.21","23.56","","","","","","","","","","","","","","","","Botswana"
"Vachellia hebeclada","100150","95.12","38.85","58.31","19.89","24.06","","","","","","","","","","","","","","","","Botswana"
"Vachellia hebeclada","101807","92.89","","45.13","","35.50","","","","","","","","","","","","","","","","Botswana"
"Vachellia hockii","101928","93.05","26.27","39.59","11.60","16.50","92.62","","","","","","","","","","","","","","","Ethiopia"
"Vachellia horrida","101929","92.17","21.04","39.36","11.07","15.50","84.31","","","","","52.10","","","","","","","","","","Ethiopia"
"Acacia karroo","100151","92.90","31.80","39.81","17.78","13.19","","","","","","","","","","","","","","","","Botswana"
"Acacia karroo","100152","92.90","41.00","45.52","23.19","14.31","","","","","","","","","","","","","","","","Botswana"
"Acacia karroo","100153","92.72","42.32","47.25","27.08","14.25","","","","","","","","","","","","","","","","Botswana"
"Acacia karroo","100154","92.83","42.78","47.29","27.36","13.50","","","","","","","","","","","","","","","","Botswana"
"Acacia karroo","101817","93.79","","36.64","","27.25","","","","","","","","","","","","","","","","Botswana"
"Acacia karroo","121212","91.98","32.87","36.50","2.30","11.06","93.37","","","","","","","","","","","","","","","Botswana"
"Senegalia laeta","110802","89.69","","","","21.38","","","","","","","","","","","50.13","7.53","4.02","1.72","4.52","Kenya"
"Acacia hereroensis","100091","94.97","38.85","46.86","22.66","13.25","","","","","","","","","","","","","","","","Botswana"
"Acacia hereroensis","100092","95.07","38.69","45.10","22.68","12.38","","","","","","","","","","","","","","","","Botswana"
"Acacia hereroensis","101816","93.87","","42.85","","16.63","","","","","","","","","","","","","","","","Botswana"
"Acacia mangium","121039","90.86","38.01","56.91","15.46","13.63","95.55","","","","","","","","","","","","","","","Kenya"
"Acacia melanoxylon","101930","92.17","44.15","59.51","27.54","14.44","94.62","","","","","","","","","","","","","","","Ethiopia"
"Senegalia mellifera","100155","94.36","23.42","29.95","7.27","38.31","","","","","","","","","","","","","","","","Botswana"
"Senegalia mellifera","100156","94.42","18.28","25.11","5.92","39.25","","","","","","","","","","","","","","","","Botswana"
"Senegalia mellifera","104373","91.88","","","","11.56","93.00","1.70","20.70","","","","","","","","","","","","","Ethiopia"
"Senegalia mellifera","108203","98.42","","","","39.25","92.34","1.80","15.40","200.00","101.60","12.50","3.90","12.60","49.10","36.50","","","","","","Ethiopia"
"Senegalia mellifera","108426","92.11","","","","11.56","94.27","0.90","9.10","200.00","313.70","10.00","1.90","13.50","35.20","16.80","","","","","","Ethiopia"
"Senegalia mellifera","108649","94.49","","","","28.13","93.73","2.30","7.90","300.00","159.60","14.90","2.20","11.20","47.90","27.60","","","","","","Ethiopia"
"Senegalia mellifera","109428","91.31","","","","","94.64","","15.20","38.44","403.57","8.70","1.90","13.03","92.32","11.39","","","","","","Ethiopia"
"Senegalia mellifera","110329","90.84","","","","9.63","","","","","","","","","","","","","","","","Kenya"
"Acacia microbotrya","101931","93.99","28.06","41.24","15.81","15.31","94.28","","","","","","","","","","","","","","","Ethiopia"
"Vachellia nilotica","101471","91.71","10.64","","4.33","19.44","100.00","2.40","27.90","","","6.30","2.00","","","","","","","","","Ethiopia"
"Vachellia nilotica","108408","90.51","","","","24.63","89.40","1.50","13.00","600.00","296.50","13.30","2.30","12.70","24.70","26.50","","","","","","Ethiopia"
"Vachellia nilotica","109359","93.35","","20.02","","19.00","87.64","1.20","33.90","","","","","","","","","","","","","Ethiopia"
"Vachellia nilotica","111706","92.87","","26.34","","22.94","91.82","2.10","19.00","","","","","","","","","","","","","Ethiopia"
"Vachellia nilotica","111724","93.18","","26.53","","17.88","91.52","","25.00","","","","1.70","","","","","","","","","Ethiopia"
"Vachellia nilotica","112857","91.19","12.82","21.95","5.86","17.81","90.51","1.80","","","","","","","","","","","","","","Ethiopia"
"Vachellia nilotica","121041","91.97","28.23","39.05","11.51","15.38","95.57","","","","","","","","","","","","","","","Kenya"
"Acacia persiciflora","101932","90.38","35.35","52.51","18.15","17.69","90.79","","","","","","","","","","","","","","","Ethiopia"
"Senegalia polyacantha","101470","90.39","34.45","","19.78","21.81","","2.70","27.00","","","10.30","3.00","","","","","","","","","Ethiopia"
"Senegalia polyacantha","101933","90.99","26.66","49.81","11.73","27.94","91.30","","","","","","","","","","","","","","","Ethiopia"
"Senegalia polyacantha","121042","90.47","28.62","51.51","10.48","25.06","93.07","","","","","","","","","","","","","","","Kenya"
"Acacia reficiens","108369","90.67","","","","18.00","89.98","1.00","18.00","300.00","280.10","10.40","3.20","8.20","37.50","17.50","","","","","","Ethiopia"
